1693320503,Kirill,–ü—Ä–∏–≤–µ—Ç –º–∏—Ä!
1693321207,Kirill,–ü—Ä–∏–≤–µ—Ç –º–∏—Ä!
1693321245,Kirill,–ü—Ä–∏–≤–µ—Ç –º–∏—Ä!
1693321261,Kirill,–ü—Ä–∏–≤–µ—Ç –º–∏—Ä!
1693321371,Kirill,–ü—Ä–∏–≤–µ—Ç –º–∏—Ä!
1693321568,Kirill,–ü—Ä–∏–≤–µ—Ç –º–∏—Ä!
1693322299,Kirill,–ü—Ä–∏–≤–µ—Ç –º–∏—Ä!
1693322421,Kirill,–ü—Ä–∏–≤–µ—Ç –º–∏—Ä!
1693323051,Vasya,–ü—Ä–∏–≤–µ—Ç –º–∏—Ä!
1693323175,Monica,–ü—Ä–∏–≤–µ—Ç –º–∏—Ä!
1693323250,Monica,–ü—Ä–∏–≤–µ—Ç –º–∏—Ä!
1693323280,Monica,–ü—Ä–∏–≤–µ—Ç –º–∏—Ä!
1693323570,Monica,–ü—Ä–∏–≤–µ—Ç –º–∏—Ä!
1693323614,Tom,–ü—Ä–∏–≤–µ—Ç –º–∏—Ä!
1693323657,Tom,–ü—Ä–∏–≤–µ—Ç –º–∏—Ä!1694247538,Nick,/refresh
1694247541,Nick,/refresh
1694247779,Nick,/refresh
1694247809,Nick,–ù–æ–≤–æ–µ —Å–æ–æ–±—â–µ–Ω–∏–µ
1694247853,Nick,–°–æ–æ–±—â–µ–Ω–∏–µ –ø–æ–ª—É—á–µ–Ω–æ
1694248651,Mike,/refresh
1694248684,Tom,/refresh
1694248731,Mike,–ü—Ä–∏–≤–µ—Ç!
1694248810,Tom, /refresh
1694248825,Tom,/refresh
1694248852,Tom,–ó–∞–≤—Ç—Ä–∞ –ø–æ–π–¥–µ–º,
1694248875,Mike,/refresh
1694248892,Mike,–î–∞
1694248910,Tom,/refresh
1694249235,Tom,–ß—Ç–æ –Ω–æ–≤–æ–≥–æ?
1694249252,Tom,/resresh
1694249308,Tom,–ü—Ä–∏–≤–µ—Ç –≤—Å–µ–º
1694249406,Kate,/resresh
1694249443,Kate,–ê–ª–Å
1694249455,Kate,–ü—Ä–∏–≤–µ—Ç!
1694249551,Tom,–ü—Ä–∏–≤–µ—Ç!
1694249738,Tom,–?–¥–∏ –æ–±–µ–¥–∞—Ç—å!
1694249809,Kate,–°–µ–π—á–∞—Å
1694249890,Tom,/resresh
1694250605,Gek,–ö—É
1694251605,Tom,–ö—É
1694251624,Tom,–õ—É-–ö—É
1694251667,Kirill,79786
1694251721,Tom,8905
1694251720,Kirill,63868
1694251745,Kirill,9t484
1694251747,Tom,89-77
1694251959,Kirill,735573
1694251960,Tom,83683534
1694254561,Holms,–ü—Ä–∏–≤–µ—Ç
1694254757,Holms,–ü—Ä–∏–≤–µ—Ç!
1694254872,Holms,–ü—Ä–∏–≤–µ—Ç!!
1694254883,Holms,–ì–¥–µ –ú–∞—Ä–∏–∞—Ä—Ç–∏?
1694254936,Vatson,—Ä–∞–∑–≤–µ –æ–Ω –Ω–µ —Å –≤–∞–º–∏?
1694254965,Holms,–ù–µ—Ç
1694255037,Holms,543647
1694255036,Vatson,5757575
1694255090,Holms,8888
1694255089,Vatson,99999
1694255132,Holms,?
1694255210,Vatson,2
1694255212,Holms,1
